date_key,full_date,calendar_year,calendar_quarter,calendar_quarter_name,month_number,month_name,month_short,year_month,month_year_label,week_of_year,year_week,day_of_month,day_of_week_number,day_of_week_name,day_of_week_short,day_of_year,fiscal_year,fiscal_year_label,fiscal_quarter,fiscal_quarter_name,fiscal_month,fiscal_period,retail_season,promotional_period,is_weekend,is_working_day,is_holiday,holiday_name,is_month_start,is_month_end,is_quarter_start,is_quarter_end,is_year_start,is_year_end,is_fiscal_year_start,is_fiscal_year_end,month_sort,day_of_week_sort
20250716,16-07-2025,2025,3,Q3,7,July,Jul,2025-07,Jul 2025,29,2025-W29,16,3,Wednesday,Wed,197,2026,FY2026,2,FQ2,6,P06,Summer,Summer Sale,N,Y,N,,N,N,N,N,N,N,N,N,7,3
20250717,17-07-2025,2025,3,Q3,7,July,Jul,2025-07,Jul 2025,29,2025-W29,17,4,Thursday,Thu,198,2026,FY2026,2,FQ2,6,P06,Summer,Summer Sale,N,Y,N,,N,N,N,N,N,N,N,N,7,4
20250718,18-07-2025,2025,3,Q3,7,July,Jul,2025-07,Jul 2025,29,2025-W29,18,5,Friday,Fri,199,2026,FY2026,2,FQ2,6,P06,Summer,Summer Sale,N,Y,N,,N,N,N,N,N,N,N,N,7,5
20250719,19-07-2025,2025,3,Q3,7,July,Jul,2025-07,Jul 2025,29,2025-W29,19,6,Saturday,Sat,200,2026,FY2026,2,FQ2,6,P06,Summer,Summer Sale,Y,N,N,,N,N,N,N,N,N,N,N,7,6
20250720,20-07-2025,2025,3,Q3,7,July,Jul,2025-07,Jul 2025,29,2025-W29,20,7,Sunday,Sun,201,2026,FY2026,2,FQ2,6,P06,Summer,Summer Sale,Y,N,N,,N,N,N,N,N,N,N,N,7,7
20250721,21-07-2025,2025,3,Q3,7,July,Jul,2025-07,Jul 2025,30,2025-W30,21,1,Monday,Mon,202,2026,FY2026,2,FQ2,6,P06,Summer,Summer Sale,N,Y,N,,N,N,N,N,N,N,N,N,7,1
20250722,22-07-2025,2025,3,Q3,7,July,Jul,2025-07,Jul 2025,30,2025-W30,22,2,Tuesday,Tue,203,2026,FY2026,2,FQ2,6,P06,Summer,Summer Sale,N,Y,N,,N,N,N,N,N,N,N,N,7,2
20250723,23-07-2025,2025,3,Q3,7,July,Jul,2025-07,Jul 2025,30,2025-W30,23,3,Wednesday,Wed,204,2026,FY2026,2,FQ2,6,P06,Summer,Summer Sale,N,Y,N,,N,N,N,N,N,N,N,N,7,3
20250724,24-07-2025,2025,3,Q3,7,July,Jul,2025-07,Jul 2025,30,2025-W30,24,4,Thursday,Thu,205,2026,FY2026,2,FQ2,6,P06,Summer,Summer Sale,N,Y,N,,N,N,N,N,N,N,N,N,7,4
20250725,25-07-2025,2025,3,Q3,7,July,Jul,2025-07,Jul 2025,30,2025-W30,25,5,Friday,Fri,206,2026,FY2026,2,FQ2,6,P06,Summer,Summer Sale,N,Y,N,,N,N,N,N,N,N,N,N,7,5
20250726,26-07-2025,2025,3,Q3,7,July,Jul,2025-07,Jul 2025,30,2025-W30,26,6,Saturday,Sat,207,2026,FY2026,2,FQ2,6,P06,Summer,Summer Sale,Y,N,N,,N,N,N,N,N,N,N,N,7,6
20250727,27-07-2025,2025,3,Q3,7,July,Jul,2025-07,Jul 2025,30,2025-W30,27,7,Sunday,Sun,208,2026,FY2026,2,FQ2,6,P06,Summer,Summer Sale,Y,N,N,,N,N,N,N,N,N,N,N,7,7
20250728,28-07-2025,2025,3,Q3,7,July,Jul,2025-07,Jul 2025,31,2025-W31,28,1,Monday,Mon,209,2026,FY2026,2,FQ2,6,P06,Summer,Summer Sale,N,Y,N,,N,N,N,N,N,N,N,N,7,1
20250729,29-07-2025,2025,3,Q3,7,July,Jul,2025-07,Jul 2025,31,2025-W31,29,2,Tuesday,Tue,210,2026,FY2026,2,FQ2,6,P06,Summer,Summer Sale,N,Y,N,,N,N,N,N,N,N,N,N,7,2
20250730,30-07-2025,2025,3,Q3,7,July,Jul,2025-07,Jul 2025,31,2025-W31,30,3,Wednesday,Wed,211,2026,FY2026,2,FQ2,6,P06,Summer,Summer Sale,N,Y,N,,N,N,N,N,N,N,N,N,7,3
20250731,31-07-2025,2025,3,Q3,7,July,Jul,2025-07,Jul 2025,31,2025-W31,31,4,Thursday,Thu,212,2026,FY2026,2,FQ2,6,P06,Summer,Summer Sale,N,Y,N,,N,Y,N,N,N,N,N,N,7,4
20250801,01-08-2025,2025,3,Q3,8,August,Aug,2025-08,Aug 2025,31,2025-W31,1,5,Friday,Fri,213,2026,FY2026,3,FQ3,7,P07,Summer,Regular Trading,N,Y,N,,Y,N,N,N,N,N,N,N,8,5
20250802,02-08-2025,2025,3,Q3,8,August,Aug,2025-08,Aug 2025,31,2025-W31,2,6,Saturday,Sat,214,2026,FY2026,3,FQ3,7,P07,Summer,Regular Trading,Y,N,N,,N,N,N,N,N,N,N,N,8,6
20250803,03-08-2025,2025,3,Q3,8,August,Aug,2025-08,Aug 2025,31,2025-W31,3,7,Sunday,Sun,215,2026,FY2026,3,FQ3,7,P07,Summer,Regular Trading,Y,N,N,,N,N,N,N,N,N,N,N,8,7
20250804,04-08-2025,2025,3,Q3,8,August,Aug,2025-08,Aug 2025,32,2025-W32,4,1,Monday,Mon,216,2026,FY2026,3,FQ3,7,P07,Summer,Regular Trading,N,Y,N,,N,N,N,N,N,N,N,N,8,1
20250805,05-08-2025,2025,3,Q3,8,August,Aug,2025-08,Aug 2025,32,2025-W32,5,2,Tuesday,Tue,217,2026,FY2026,3,FQ3,7,P07,Summer,Regular Trading,N,Y,N,,N,N,N,N,N,N,N,N,8,2
20250806,06-08-2025,2025,3,Q3,8,August,Aug,2025-08,Aug 2025,32,2025-W32,6,3,Wednesday,Wed,218,2026,FY2026,3,FQ3,7,P07,Summer,Regular Trading,N,Y,N,,N,N,N,N,N,N,N,N,8,3
20250807,07-08-2025,2025,3,Q3,8,August,Aug,2025-08,Aug 2025,32,2025-W32,7,4,Thursday,Thu,219,2026,FY2026,3,FQ3,7,P07,Summer,Regular Trading,N,Y,N,,N,N,N,N,N,N,N,N,8,4
20250808,08-08-2025,2025,3,Q3,8,August,Aug,2025-08,Aug 2025,32,2025-W32,8,5,Friday,Fri,220,2026,FY2026,3,FQ3,7,P07,Summer,Regular Trading,N,Y,N,,N,N,N,N,N,N,N,N,8,5
20250809,09-08-2025,2025,3,Q3,8,August,Aug,2025-08,Aug 2025,32,2025-W32,9,6,Saturday,Sat,221,2026,FY2026,3,FQ3,7,P07,Summer,Regular Trading,Y,N,N,,N,N,N,N,N,N,N,N,8,6
20250810,10-08-2025,2025,3,Q3,8,August,Aug,2025-08,Aug 2025,32,2025-W32,10,7,Sunday,Sun,222,2026,FY2026,3,FQ3,7,P07,Summer,Regular Trading,Y,N,N,,N,N,N,N,N,N,N,N,8,7
20250811,11-08-2025,2025,3,Q3,8,August,Aug,2025-08,Aug 2025,33,2025-W33,11,1,Monday,Mon,223,2026,FY2026,3,FQ3,7,P07,Summer,Regular Trading,N,Y,N,,N,N,N,N,N,N,N,N,8,1
20250812,12-08-2025,2025,3,Q3,8,August,Aug,2025-08,Aug 2025,33,2025-W33,12,2,Tuesday,Tue,224,2026,FY2026,3,FQ3,7,P07,Summer,Regular Trading,N,Y,N,,N,N,N,N,N,N,N,N,8,2
20250813,13-08-2025,2025,3,Q3,8,August,Aug,2025-08,Aug 2025,33,2025-W33,13,3,Wednesday,Wed,225,2026,FY2026,3,FQ3,7,P07,Summer,Regular Trading,N,Y,N,,N,N,N,N,N,N,N,N,8,3
20250814,14-08-2025,2025,3,Q3,8,August,Aug,2025-08,Aug 2025,33,2025-W33,14,4,Thursday,Thu,226,2026,FY2026,3,FQ3,7,P07,Summer,Regular Trading,N,Y,N,,N,N,N,N,N,N,N,N,8,4
20250815,15-08-2025,2025,3,Q3,8,August,Aug,2025-08,Aug 2025,33,2025-W33,15,5,Friday,Fri,227,2026,FY2026,3,FQ3,7,P07,Summer,Back to School,N,Y,N,,N,N,N,N,N,N,N,N,8,5
20250816,16-08-2025,2025,3,Q3,8,August,Aug,2025-08,Aug 2025,33,2025-W33,16,6,Saturday,Sat,228,2026,FY2026,3,FQ3,7,P07,Summer,Back to School,Y,N,N,,N,N,N,N,N,N,N,N,8,6
20250817,17-08-2025,2025,3,Q3,8,August,Aug,2025-08,Aug 2025,33,2025-W33,17,7,Sunday,Sun,229,2026,FY2026,3,FQ3,7,P07,Summer,Back to School,Y,N,N,,N,N,N,N,N,N,N,N,8,7
20250818,18-08-2025,2025,3,Q3,8,August,Aug,2025-08,Aug 2025,34,2025-W34,18,1,Monday,Mon,230,2026,FY2026,3,FQ3,7,P07,Summer,Back to School,N,Y,N,,N,N,N,N,N,N,N,N,8,1
20250819,19-08-2025,2025,3,Q3,8,August,Aug,2025-08,Aug 2025,34,2025-W34,19,2,Tuesday,Tue,231,2026,FY2026,3,FQ3,7,P07,Summer,Back to School,N,Y,N,,N,N,N,N,N,N,N,N,8,2
20250820,20-08-2025,2025,3,Q3,8,August,Aug,2025-08,Aug 2025,34,2025-W34,20,3,Wednesday,Wed,232,2026,FY2026,3,FQ3,7,P07,Summer,Back to School,N,Y,N,,N,N,N,N,N,N,N,N,8,3
20250821,21-08-2025,2025,3,Q3,8,August,Aug,2025-08,Aug 2025,34,2025-W34,21,4,Thursday,Thu,233,2026,FY2026,3,FQ3,7,P07,Summer,Back to School,N,Y,N,,N,N,N,N,N,N,N,N,8,4
20250822,22-08-2025,2025,3,Q3,8,August,Aug,2025-08,Aug 2025,34,2025-W34,22,5,Friday,Fri,234,2026,FY2026,3,FQ3,7,P07,Summer,Back to School,N,Y,N,,N,N,N,N,N,N,N,N,8,5
20250823,23-08-2025,2025,3,Q3,8,August,Aug,2025-08,Aug 2025,34,2025-W34,23,6,Saturday,Sat,235,2026,FY2026,3,FQ3,7,P07,Summer,Back to School,Y,N,N,,N,N,N,N,N,N,N,N,8,6
20250824,24-08-2025,2025,3,Q3,8,August,Aug,2025-08,Aug 2025,34,2025-W34,24,7,Sunday,Sun,236,2026,FY2026,3,FQ3,7,P07,Summer,Back to School,Y,N,N,,N,N,N,N,N,N,N,N,8,7
20250825,25-08-2025,2025,3,Q3,8,August,Aug,2025-08,Aug 2025,35,2025-W35,25,1,Monday,Mon,237,2026,FY2026,3,FQ3,7,P07,Summer,Back to School,N,Y,Y,August Bank Holiday,N,N,N,N,N,N,N,N,8,1
20250826,26-08-2025,2025,3,Q3,8,August,Aug,2025-08,Aug 2025,35,2025-W35,26,2,Tuesday,Tue,238,2026,FY2026,3,FQ3,7,P07,Summer,Back to School,N,Y,N,,N,N,N,N,N,N,N,N,8,2
20250827,27-08-2025,2025,3,Q3,8,August,Aug,2025-08,Aug 2025,35,2025-W35,27,3,Wednesday,Wed,239,2026,FY2026,3,FQ3,7,P07,Summer,Back to School,N,Y,N,,N,N,N,N,N,N,N,N,8,3
20250828,28-08-2025,2025,3,Q3,8,August,Aug,2025-08,Aug 2025,35,2025-W35,28,4,Thursday,Thu,240,2026,FY2026,3,FQ3,7,P07,Summer,Back to School,N,Y,N,,N,N,N,N,N,N,N,N,8,4
20250829,29-08-2025,2025,3,Q3,8,August,Aug,2025-08,Aug 2025,35,2025-W35,29,5,Friday,Fri,241,2026,FY2026,3,FQ3,7,P07,Summer,Back to School,N,Y,N,,N,N,N,N,N,N,N,N,8,5
20250830,30-08-2025,2025,3,Q3,8,August,Aug,2025-08,Aug 2025,35,2025-W35,30,6,Saturday,Sat,242,2026,FY2026,3,FQ3,7,P07,Summer,Back to School,Y,N,N,,N,N,N,N,N,N,N,N,8,6
20250831,31-08-2025,2025,3,Q3,8,August,Aug,2025-08,Aug 2025,35,2025-W35,31,7,Sunday,Sun,243,2026,FY2026,3,FQ3,7,P07,Summer,Back to School,Y,N,N,,N,Y,N,N,N,N,N,N,8,7
20250901,01-09-2025,2025,3,Q3,9,September,Sep,2025-09,Sep 2025,36,2025-W36,1,1,Monday,Mon,244,2026,FY2026,3,FQ3,8,P08,Autumn,Back to School,N,Y,N,,Y,N,N,N,N,N,N,N,9,1
20250902,02-09-2025,2025,3,Q3,9,September,Sep,2025-09,Sep 2025,36,2025-W36,2,2,Tuesday,Tue,245,2026,FY2026,3,FQ3,8,P08,Autumn,Back to School,N,Y,N,,N,N,N,N,N,N,N,N,9,2
20250903,03-09-2025,2025,3,Q3,9,September,Sep,2025-09,Sep 2025,36,2025-W36,3,3,Wednesday,Wed,246,2026,FY2026,3,FQ3,8,P08,Autumn,Back to School,N,Y,N,,N,N,N,N,N,N,N,N,9,3
20250904,04-09-2025,2025,3,Q3,9,September,Sep,2025-09,Sep 2025,36,2025-W36,4,4,Thursday,Thu,247,2026,FY2026,3,FQ3,8,P08,Autumn,Back to School,N,Y,N,,N,N,N,N,N,N,N,N,9,4
20250905,05-09-2025,2025,3,Q3,9,September,Sep,2025-09,Sep 2025,36,2025-W36,5,5,Friday,Fri,248,2026,FY2026,3,FQ3,8,P08,Autumn,Back to School,N,Y,N,,N,N,N,N,N,N,N,N,9,5
20250906,06-09-2025,2025,3,Q3,9,September,Sep,2025-09,Sep 2025,36,2025-W36,6,6,Saturday,Sat,249,2026,FY2026,3,FQ3,8,P08,Autumn,Back to School,Y,N,N,,N,N,N,N,N,N,N,N,9,6
20250907,07-09-2025,2025,3,Q3,9,September,Sep,2025-09,Sep 2025,36,2025-W36,7,7,Sunday,Sun,250,2026,FY2026,3,FQ3,8,P08,Autumn,Back to School,Y,N,N,,N,N,N,N,N,N,N,N,9,7
20250908,08-09-2025,2025,3,Q3,9,September,Sep,2025-09,Sep 2025,37,2025-W37,8,1,Monday,Mon,251,2026,FY2026,3,FQ3,8,P08,Autumn,Back to School,N,Y,N,,N,N,N,N,N,N,N,N,9,1
20250909,09-09-2025,2025,3,Q3,9,September,Sep,2025-09,Sep 2025,37,2025-W37,9,2,Tuesday,Tue,252,2026,FY2026,3,FQ3,8,P08,Autumn,Back to School,N,Y,N,,N,N,N,N,N,N,N,N,9,2
20250910,10-09-2025,2025,3,Q3,9,September,Sep,2025-09,Sep 2025,37,2025-W37,10,3,Wednesday,Wed,253,2026,FY2026,3,FQ3,8,P08,Autumn,Back to School,N,Y,N,,N,N,N,N,N,N,N,N,9,3
20250911,11-09-2025,2025,3,Q3,9,September,Sep,2025-09,Sep 2025,37,2025-W37,11,4,Thursday,Thu,254,2026,FY2026,3,FQ3,8,P08,Autumn,Back to School,N,Y,N,,N,N,N,N,N,N,N,N,9,4
20250912,12-09-2025,2025,3,Q3,9,September,Sep,2025-09,Sep 2025,37,2025-W37,12,5,Friday,Fri,255,2026,FY2026,3,FQ3,8,P08,Autumn,Back to School,N,Y,N,,N,N,N,N,N,N,N,N,9,5
20250913,13-09-2025,2025,3,Q3,9,September,Sep,2025-09,Sep 2025,37,2025-W37,13,6,Saturday,Sat,256,2026,FY2026,3,FQ3,8,P08,Autumn,Back to School,Y,N,N,,N,N,N,N,N,N,N,N,9,6
20250914,14-09-2025,2025,3,Q3,9,September,Sep,2025-09,Sep 2025,37,2025-W37,14,7,Sunday,Sun,257,2026,FY2026,3,FQ3,8,P08,Autumn,Back to School,Y,N,N,,N,N,N,N,N,N,N,N,9,7
20250915,15-09-2025,2025,3,Q3,9,September,Sep,2025-09,Sep 2025,38,2025-W38,15,1,Monday,Mon,258,2026,FY2026,3,FQ3,8,P08,Autumn,Back to School,N,Y,N,,N,N,N,N,N,N,N,N,9,1
20250916,16-09-2025,2025,3,Q3,9,September,Sep,2025-09,Sep 2025,38,2025-W38,16,2,Tuesday,Tue,259,2026,FY2026,3,FQ3,8,P08,Autumn,Regular Trading,N,Y,N,,N,N,N,N,N,N,N,N,9,2
20250917,17-09-2025,2025,3,Q3,9,September,Sep,2025-09,Sep 2025,38,2025-W38,17,3,Wednesday,Wed,260,2026,FY2026,3,FQ3,8,P08,Autumn,Regular Trading,N,Y,N,,N,N,N,N,N,N,N,N,9,3
20250918,18-09-2025,2025,3,Q3,9,September,Sep,2025-09,Sep 2025,38,2025-W38,18,4,Thursday,Thu,261,2026,FY2026,3,FQ3,8,P08,Autumn,Regular Trading,N,Y,N,,N,N,N,N,N,N,N,N,9,4
20250919,19-09-2025,2025,3,Q3,9,September,Sep,2025-09,Sep 2025,38,2025-W38,19,5,Friday,Fri,262,2026,FY2026,3,FQ3,8,P08,Autumn,Regular Trading,N,Y,N,,N,N,N,N,N,N,N,N,9,5
20250920,20-09-2025,2025,3,Q3,9,September,Sep,2025-09,Sep 2025,38,2025-W38,20,6,Saturday,Sat,263,2026,FY2026,3,FQ3,8,P08,Autumn,Regular Trading,Y,N,N,,N,N,N,N,N,N,N,N,9,6
20250921,21-09-2025,2025,3,Q3,9,September,Sep,2025-09,Sep 2025,38,2025-W38,21,7,Sunday,Sun,264,2026,FY2026,3,FQ3,8,P08,Autumn,Regular Trading,Y,N,N,,N,N,N,N,N,N,N,N,9,7
20250922,22-09-2025,2025,3,Q3,9,September,Sep,2025-09,Sep 2025,39,2025-W39,22,1,Monday,Mon,265,2026,FY2026,3,FQ3,8,P08,Autumn,Regular Trading,N,Y,N,,N,N,N,N,N,N,N,N,9,1
20250923,23-09-2025,2025,3,Q3,9,September,Sep,2025-09,Sep 2025,39,2025-W39,23,2,Tuesday,Tue,266,2026,FY2026,3,FQ3,8,P08,Autumn,Regular Trading,N,Y,N,,N,N,N,N,N,N,N,N,9,2
20250924,24-09-2025,2025,3,Q3,9,September,Sep,2025-09,Sep 2025,39,2025-W39,24,3,Wednesday,Wed,267,2026,FY2026,3,FQ3,8,P08,Autumn,Regular Trading,N,Y,N,,N,N,N,N,N,N,N,N,9,3
20250925,25-09-2025,2025,3,Q3,9,September,Sep,2025-09,Sep 2025,39,2025-W39,25,4,Thursday,Thu,268,2026,FY2026,3,FQ3,8,P08,Autumn,Regular Trading,N,Y,N,,N,N,N,N,N,N,N,N,9,4
20250926,26-09-2025,2025,3,Q3,9,September,Sep,2025-09,Sep 2025,39,2025-W39,26,5,Friday,Fri,269,2026,FY2026,3,FQ3,8,P08,Autumn,Regular Trading,N,Y,N,,N,N,N,N,N,N,N,N,9,5
20250927,27-09-2025,2025,3,Q3,9,September,Sep,2025-09,Sep 2025,39,2025-W39,27,6,Saturday,Sat,270,2026,FY2026,3,FQ3,8,P08,Autumn,Regular Trading,Y,N,N,,N,N,N,N,N,N,N,N,9,6
20250928,28-09-2025,2025,3,Q3,9,September,Sep,2025-09,Sep 2025,39,2025-W39,28,7,Sunday,Sun,271,2026,FY2026,3,FQ3,8,P08,Autumn,Regular Trading,Y,N,N,,N,N,N,N,N,N,N,N,9,7
20250929,29-09-2025,2025,3,Q3,9,September,Sep,2025-09,Sep 2025,40,2025-W40,29,1,Monday,Mon,272,2026,FY2026,3,FQ3,8,P08,Autumn,Regular Trading,N,Y,N,,N,N,N,N,N,N,N,N,9,1
20250930,30-09-2025,2025,3,Q3,9,September,Sep,2025-09,Sep 2025,40,2025-W40,30,2,Tuesday,Tue,273,2026,FY2026,3,FQ3,8,P08,Autumn,Regular Trading,N,Y,N,,N,Y,N,Y,N,N,N,N,9,2
20251001,01-10-2025,2025,4,Q4,10,October,Oct,2025-10,Oct 2025,40,2025-W40,1,3,Wednesday,Wed,274,2026,FY2026,3,FQ3,9,P09,Autumn,Regular Trading,N,Y,N,,Y,N,Y,N,N,N,N,N,10,3
20251002,02-10-2025,2025,4,Q4,10,October,Oct,2025-10,Oct 2025,40,2025-W40,2,4,Thursday,Thu,275,2026,FY2026,3,FQ3,9,P09,Autumn,Regular Trading,N,Y,N,,N,N,N,N,N,N,N,N,10,4
20251003,03-10-2025,2025,4,Q4,10,October,Oct,2025-10,Oct 2025,40,2025-W40,3,5,Friday,Fri,276,2026,FY2026,3,FQ3,9,P09,Autumn,Regular Trading,N,Y,N,,N,N,N,N,N,N,N,N,10,5
20251004,04-10-2025,2025,4,Q4,10,October,Oct,2025-10,Oct 2025,40,2025-W40,4,6,Saturday,Sat,277,2026,FY2026,3,FQ3,9,P09,Autumn,Regular Trading,Y,N,N,,N,N,N,N,N,N,N,N,10,6
20251005,05-10-2025,2025,4,Q4,10,October,Oct,2025-10,Oct 2025,40,2025-W40,5,7,Sunday,Sun,278,2026,FY2026,3,FQ3,9,P09,Autumn,Regular Trading,Y,N,N,,N,N,N,N,N,N,N,N,10,7
20251006,06-10-2025,2025,4,Q4,10,October,Oct,2025-10,Oct 2025,41,2025-W41,6,1,Monday,Mon,279,2026,FY2026,3,FQ3,9,P09,Autumn,Regular Trading,N,Y,N,,N,N,N,N,N,N,N,N,10,1
20251007,07-10-2025,2025,4,Q4,10,October,Oct,2025-10,Oct 2025,41,2025-W41,7,2,Tuesday,Tue,280,2026,FY2026,3,FQ3,9,P09,Autumn,Regular Trading,N,Y,N,,N,N,N,N,N,N,N,N,10,2
20251008,08-10-2025,2025,4,Q4,10,October,Oct,2025-10,Oct 2025,41,2025-W41,8,3,Wednesday,Wed,281,2026,FY2026,3,FQ3,9,P09,Autumn,Regular Trading,N,Y,N,,N,N,N,N,N,N,N,N,10,3
20251009,09-10-2025,2025,4,Q4,10,October,Oct,2025-10,Oct 2025,41,2025-W41,9,4,Thursday,Thu,282,2026,FY2026,3,FQ3,9,P09,Autumn,Regular Trading,N,Y,N,,N,N,N,N,N,N,N,N,10,4
20251010,10-10-2025,2025,4,Q4,10,October,Oct,2025-10,Oct 2025,41,2025-W41,10,5,Friday,Fri,283,2026,FY2026,3,FQ3,9,P09,Autumn,Regular Trading,N,Y,N,,N,N,N,N,N,N,N,N,10,5
20251011,11-10-2025,2025,4,Q4,10,October,Oct,2025-10,Oct 2025,41,2025-W41,11,6,Saturday,Sat,284,2026,FY2026,3,FQ3,9,P09,Autumn,Regular Trading,Y,N,N,,N,N,N,N,N,N,N,N,10,6
20251012,12-10-2025,2025,4,Q4,10,October,Oct,2025-10,Oct 2025,41,2025-W41,12,7,Sunday,Sun,285,2026,FY2026,3,FQ3,9,P09,Autumn,Regular Trading,Y,N,N,,N,N,N,N,N,N,N,N,10,7
20251013,13-10-2025,2025,4,Q4,10,October,Oct,2025-10,Oct 2025,42,2025-W42,13,1,Monday,Mon,286,2026,FY2026,3,FQ3,9,P09,Autumn,Regular Trading,N,Y,N,,N,N,N,N,N,N,N,N,10,1
20251014,14-10-2025,2025,4,Q4,10,October,Oct,2025-10,Oct 2025,42,2025-W42,14,2,Tuesday,Tue,287,2026,FY2026,3,FQ3,9,P09,Autumn,Regular Trading,N,Y,N,,N,N,N,N,N,N,N,N,10,2
20251015,15-10-2025,2025,4,Q4,10,October,Oct,2025-10,Oct 2025,42,2025-W42,15,3,Wednesday,Wed,288,2026,FY2026,3,FQ3,9,P09,Autumn,Regular Trading,N,Y,N,,N,N,N,N,N,N,N,N,10,3
20251016,16-10-2025,2025,4,Q4,10,October,Oct,2025-10,Oct 2025,42,2025-W42,16,4,Thursday,Thu,289,2026,FY2026,3,FQ3,9,P09,Autumn,Regular Trading,N,Y,N,,N,N,N,N,N,N,N,N,10,4
20251017,17-10-2025,2025,4,Q4,10,October,Oct,2025-10,Oct 2025,42,2025-W42,17,5,Friday,Fri,290,2026,FY2026,3,FQ3,9,P09,Autumn,Regular Trading,N,Y,N,,N,N,N,N,N,N,N,N,10,5
20251018,18-10-2025,2025,4,Q4,10,October,Oct,2025-10,Oct 2025,42,2025-W42,18,6,Saturday,Sat,291,2026,FY2026,3,FQ3,9,P09,Autumn,Regular Trading,Y,N,N,,N,N,N,N,N,N,N,N,10,6
20251019,19-10-2025,2025,4,Q4,10,October,Oct,2025-10,Oct 2025,42,2025-W42,19,7,Sunday,Sun,292,2026,FY2026,3,FQ3,9,P09,Autumn,Regular Trading,Y,N,N,,N,N,N,N,N,N,N,N,10,7
20251020,20-10-2025,2025,4,Q4,10,October,Oct,2025-10,Oct 2025,43,2025-W43,20,1,Monday,Mon,293,2026,FY2026,3,FQ3,9,P09,Autumn,Regular Trading,N,Y,N,,N,N,N,N,N,N,N,N,10,1
20251021,21-10-2025,2025,4,Q4,10,October,Oct,2025-10,Oct 2025,43,2025-W43,21,2,Tuesday,Tue,294,2026,FY2026,3,FQ3,9,P09,Autumn,Regular Trading,N,Y,N,,N,N,N,N,N,N,N,N,10,2
20251022,22-10-2025,2025,4,Q4,10,October,Oct,2025-10,Oct 2025,43,2025-W43,22,3,Wednesday,Wed,295,2026,FY2026,3,FQ3,9,P09,Autumn,Regular Trading,N,Y,N,,N,N,N,N,N,N,N,N,10,3
20251023,23-10-2025,2025,4,Q4,10,October,Oct,2025-10,Oct 2025,43,2025-W43,23,4,Thursday,Thu,296,2026,FY2026,3,FQ3,9,P09,Autumn,Regular Trading,N,Y,N,,N,N,N,N,N,N,N,N,10,4
20251024,24-10-2025,2025,4,Q4,10,October,Oct,2025-10,Oct 2025,43,2025-W43,24,5,Friday,Fri,297,2026,FY2026,3,FQ3,9,P09,Autumn,Regular Trading,N,Y,N,,N,N,N,N,N,N,N,N,10,5
20251025,25-10-2025,2025,4,Q4,10,October,Oct,2025-10,Oct 2025,43,2025-W43,25,6,Saturday,Sat,298,2026,FY2026,3,FQ3,9,P09,Autumn,Regular Trading,Y,N,N,,N,N,N,N,N,N,N,N,10,6
20251026,26-10-2025,2025,4,Q4,10,October,Oct,2025-10,Oct 2025,43,2025-W43,26,7,Sunday,Sun,299,2026,FY2026,3,FQ3,9,P09,Autumn,Regular Trading,Y,N,N,,N,N,N,N,N,N,N,N,10,7
20251027,27-10-2025,2025,4,Q4,10,October,Oct,2025-10,Oct 2025,44,2025-W44,27,1,Monday,Mon,300,2026,FY2026,3,FQ3,9,P09,Autumn,Regular Trading,N,Y,N,,N,N,N,N,N,N,N,N,10,1
20251028,28-10-2025,2025,4,Q4,10,October,Oct,2025-10,Oct 2025,44,2025-W44,28,2,Tuesday,Tue,301,2026,FY2026,3,FQ3,9,P09,Autumn,Regular Trading,N,Y,N,,N,N,N,N,N,N,N,N,10,2
20251029,29-10-2025,2025,4,Q4,10,October,Oct,2025-10,Oct 2025,44,2025-W44,29,3,Wednesday,Wed,302,2026,FY2026,3,FQ3,9,P09,Autumn,Regular Trading,N,Y,N,,N,N,N,N,N,N,N,N,10,3
20251030,30-10-2025,2025,4,Q4,10,October,Oct,2025-10,Oct 2025,44,2025-W44,30,4,Thursday,Thu,303,2026,FY2026,3,FQ3,9,P09,Autumn,Regular Trading,N,Y,N,,N,N,N,N,N,N,N,N,10,4
20251031,31-10-2025,2025,4,Q4,10,October,Oct,2025-10,Oct 2025,44,2025-W44,31,5,Friday,Fri,304,2026,FY2026,3,FQ3,9,P09,Autumn,Regular Trading,N,Y,N,,N,Y,N,N,N,N,N,N,10,5
20251101,01-11-2025,2025,4,Q4,11,November,Nov,2025-11,Nov 2025,44,2025-W44,1,6,Saturday,Sat,305,2026,FY2026,4,FQ4,10,P10,Autumn,Regular Trading,Y,N,N,,Y,N,N,N,N,N,N,N,11,6
20251102,02-11-2025,2025,4,Q4,11,November,Nov,2025-11,Nov 2025,44,2025-W44,2,7,Sunday,Sun,306,2026,FY2026,4,FQ4,10,P10,Autumn,Regular Trading,Y,N,N,,N,N,N,N,N,N,N,N,11,7
20251103,03-11-2025,2025,4,Q4,11,November,Nov,2025-11,Nov 2025,45,2025-W45,3,1,Monday,Mon,307,2026,FY2026,4,FQ4,10,P10,Autumn,Regular Trading,N,Y,N,,N,N,N,N,N,N,N,N,11,1
20251104,04-11-2025,2025,4,Q4,11,November,Nov,2025-11,Nov 2025,45,2025-W45,4,2,Tuesday,Tue,308,2026,FY2026,4,FQ4,10,P10,Autumn,Regular Trading,N,Y,N,,N,N,N,N,N,N,N,N,11,2
20251105,05-11-2025,2025,4,Q4,11,November,Nov,2025-11,Nov 2025,45,2025-W45,5,3,Wednesday,Wed,309,2026,FY2026,4,FQ4,10,P10,Autumn,Regular Trading,N,Y,N,,N,N,N,N,N,N,N,N,11,3
20251106,06-11-2025,2025,4,Q4,11,November,Nov,2025-11,Nov 2025,45,2025-W45,6,4,Thursday,Thu,310,2026,FY2026,4,FQ4,10,P10,Autumn,Regular Trading,N,Y,N,,N,N,N,N,N,N,N,N,11,4
20251107,07-11-2025,2025,4,Q4,11,November,Nov,2025-11,Nov 2025,45,2025-W45,7,5,Friday,Fri,311,2026,FY2026,4,FQ4,10,P10,Autumn,Regular Trading,N,Y,N,,N,N,N,N,N,N,N,N,11,5
20251108,08-11-2025,2025,4,Q4,11,November,Nov,2025-11,Nov 2025,45,2025-W45,8,6,Saturday,Sat,312,2026,FY2026,4,FQ4,10,P10,Autumn,Regular Trading,Y,N,N,,N,N,N,N,N,N,N,N,11,6
20251109,09-11-2025,2025,4,Q4,11,November,Nov,2025-11,Nov 2025,45,2025-W45,9,7,Sunday,Sun,313,2026,FY2026,4,FQ4,10,P10,Autumn,Regular Trading,Y,N,N,,N,N,N,N,N,N,N,N,11,7
20251110,10-11-2025,2025,4,Q4,11,November,Nov,2025-11,Nov 2025,46,2025-W46,10,1,Monday,Mon,314,2026,FY2026,4,FQ4,10,P10,Autumn,Regular Trading,N,Y,N,,N,N,N,N,N,N,N,N,11,1
20251111,11-11-2025,2025,4,Q4,11,November,Nov,2025-11,Nov 2025,46,2025-W46,11,2,Tuesday,Tue,315,2026,FY2026,4,FQ4,10,P10,Autumn,Regular Trading,N,Y,N,,N,N,N,N,N,N,N,N,11,2
20251112,12-11-2025,2025,4,Q4,11,November,Nov,2025-11,Nov 2025,46,2025-W46,12,3,Wednesday,Wed,316,2026,FY2026,4,FQ4,10,P10,Autumn,Regular Trading,N,Y,N,,N,N,N,N,N,N,N,N,11,3
20251113,13-11-2025,2025,4,Q4,11,November,Nov,2025-11,Nov 2025,46,2025-W46,13,4,Thursday,Thu,317,2026,FY2026,4,FQ4,10,P10,Autumn,Regular Trading,N,Y,N,,N,N,N,N,N,N,N,N,11,4
20251114,14-11-2025,2025,4,Q4,11,November,Nov,2025-11,Nov 2025,46,2025-W46,14,5,Friday,Fri,318,2026,FY2026,4,FQ4,10,P10,Autumn,Regular Trading,N,Y,N,,N,N,N,N,N,N,N,N,11,5
20251115,15-11-2025,2025,4,Q4,11,November,Nov,2025-11,Nov 2025,46,2025-W46,15,6,Saturday,Sat,319,2026,FY2026,4,FQ4,10,P10,Autumn,Regular Trading,Y,N,N,,N,N,N,N,N,N,N,N,11,6
20251116,16-11-2025,2025,4,Q4,11,November,Nov,2025-11,Nov 2025,46,2025-W46,16,7,Sunday,Sun,320,2026,FY2026,4,FQ4,10,P10,Autumn,Regular Trading,Y,N,N,,N,N,N,N,N,N,N,N,11,7
20251117,17-11-2025,2025,4,Q4,11,November,Nov,2025-11,Nov 2025,47,2025-W47,17,1,Monday,Mon,321,2026,FY2026,4,FQ4,10,P10,Autumn,Regular Trading,N,Y,N,,N,N,N,N,N,N,N,N,11,1
20251118,18-11-2025,2025,4,Q4,11,November,Nov,2025-11,Nov 2025,47,2025-W47,18,2,Tuesday,Tue,322,2026,FY2026,4,FQ4,10,P10,Autumn,Regular Trading,N,Y,N,,N,N,N,N,N,N,N,N,11,2
20251119,19-11-2025,2025,4,Q4,11,November,Nov,2025-11,Nov 2025,47,2025-W47,19,3,Wednesday,Wed,323,2026,FY2026,4,FQ4,10,P10,Autumn,Regular Trading,N,Y,N,,N,N,N,N,N,N,N,N,11,3
20251120,20-11-2025,2025,4,Q4,11,November,Nov,2025-11,Nov 2025,47,2025-W47,20,4,Thursday,Thu,324,2026,FY2026,4,FQ4,10,P10,Autumn,Regular Trading,N,Y,N,,N,N,N,N,N,N,N,N,11,4
20251121,21-11-2025,2025,4,Q4,11,November,Nov,2025-11,Nov 2025,47,2025-W47,21,5,Friday,Fri,325,2026,FY2026,4,FQ4,10,P10,Autumn,Regular Trading,N,Y,N,,N,N,N,N,N,N,N,N,11,5
20251122,22-11-2025,2025,4,Q4,11,November,Nov,2025-11,Nov 2025,47,2025-W47,22,6,Saturday,Sat,326,2026,FY2026,4,FQ4,10,P10,Autumn,Regular Trading,Y,N,N,,N,N,N,N,N,N,N,N,11,6
20251123,23-11-2025,2025,4,Q4,11,November,Nov,2025-11,Nov 2025,47,2025-W47,23,7,Sunday,Sun,327,2026,FY2026,4,FQ4,10,P10,Autumn,Regular Trading,Y,N,N,,N,N,N,N,N,N,N,N,11,7
20251124,24-11-2025,2025,4,Q4,11,November,Nov,2025-11,Nov 2025,48,2025-W48,24,1,Monday,Mon,328,2026,FY2026,4,FQ4,10,P10,Autumn,Black Friday Week,N,Y,N,,N,N,N,N,N,N,N,N,11,1
20251125,25-11-2025,2025,4,Q4,11,November,Nov,2025-11,Nov 2025,48,2025-W48,25,2,Tuesday,Tue,329,2026,FY2026,4,FQ4,10,P10,Autumn,Black Friday Week,N,Y,N,,N,N,N,N,N,N,N,N,11,2
20251126,26-11-2025,2025,4,Q4,11,November,Nov,2025-11,Nov 2025,48,2025-W48,26,3,Wednesday,Wed,330,2026,FY2026,4,FQ4,10,P10,Autumn,Black Friday Week,N,Y,N,,N,N,N,N,N,N,N,N,11,3
20251127,27-11-2025,2025,4,Q4,11,November,Nov,2025-11,Nov 2025,48,2025-W48,27,4,Thursday,Thu,331,2026,FY2026,4,FQ4,10,P10,Autumn,Black Friday Week,N,Y,N,,N,N,N,N,N,N,N,N,11,4
20251128,28-11-2025,2025,4,Q4,11,November,Nov,2025-11,Nov 2025,48,2025-W48,28,5,Friday,Fri,332,2026,FY2026,4,FQ4,10,P10,Autumn,Black Friday Week,N,Y,N,,N,N,N,N,N,N,N,N,11,5
20251129,29-11-2025,2025,4,Q4,11,November,Nov,2025-11,Nov 2025,48,2025-W48,29,6,Saturday,Sat,333,2026,FY2026,4,FQ4,10,P10,Autumn,Black Friday Week,Y,N,N,,N,N,N,N,N,N,N,N,11,6
20251130,30-11-2025,2025,4,Q4,11,November,Nov,2025-11,Nov 2025,48,2025-W48,30,7,Sunday,Sun,334,2026,FY2026,4,FQ4,10,P10,Autumn,Black Friday Week,Y,N,N,,N,Y,N,N,N,N,N,N,11,7
20251201,01-12-2025,2025,4,Q4,12,December,Dec,2025-12,Dec 2025,49,2025-W49,1,1,Monday,Mon,335,2026,FY2026,4,FQ4,11,P11,Winter,Christmas Trading,N,Y,N,,Y,N,N,N,N,N,N,N,12,1
20251202,02-12-2025,2025,4,Q4,12,December,Dec,2025-12,Dec 2025,49,2025-W49,2,2,Tuesday,Tue,336,2026,FY2026,4,FQ4,11,P11,Winter,Christmas Trading,N,Y,N,,N,N,N,N,N,N,N,N,12,2
20251203,03-12-2025,2025,4,Q4,12,December,Dec,2025-12,Dec 2025,49,2025-W49,3,3,Wednesday,Wed,337,2026,FY2026,4,FQ4,11,P11,Winter,Christmas Trading,N,Y,N,,N,N,N,N,N,N,N,N,12,3
20251204,04-12-2025,2025,4,Q4,12,December,Dec,2025-12,Dec 2025,49,2025-W49,4,4,Thursday,Thu,338,2026,FY2026,4,FQ4,11,P11,Winter,Christmas Trading,N,Y,N,,N,N,N,N,N,N,N,N,12,4
20251205,05-12-2025,2025,4,Q4,12,December,Dec,2025-12,Dec 2025,49,2025-W49,5,5,Friday,Fri,339,2026,FY2026,4,FQ4,11,P11,Winter,Christmas Trading,N,Y,N,,N,N,N,N,N,N,N,N,12,5
20251206,06-12-2025,2025,4,Q4,12,December,Dec,2025-12,Dec 2025,49,2025-W49,6,6,Saturday,Sat,340,2026,FY2026,4,FQ4,11,P11,Winter,Christmas Trading,Y,N,N,,N,N,N,N,N,N,N,N,12,6
20251207,07-12-2025,2025,4,Q4,12,December,Dec,2025-12,Dec 2025,49,2025-W49,7,7,Sunday,Sun,341,2026,FY2026,4,FQ4,11,P11,Winter,Christmas Trading,Y,N,N,,N,N,N,N,N,N,N,N,12,7
20251208,08-12-2025,2025,4,Q4,12,December,Dec,2025-12,Dec 2025,50,2025-W50,8,1,Monday,Mon,342,2026,FY2026,4,FQ4,11,P11,Winter,Christmas Trading,N,Y,N,,N,N,N,N,N,N,N,N,12,1
20251209,09-12-2025,2025,4,Q4,12,December,Dec,2025-12,Dec 2025,50,2025-W50,9,2,Tuesday,Tue,343,2026,FY2026,4,FQ4,11,P11,Winter,Christmas Trading,N,Y,N,,N,N,N,N,N,N,N,N,12,2
20251210,10-12-2025,2025,4,Q4,12,December,Dec,2025-12,Dec 2025,50,2025-W50,10,3,Wednesday,Wed,344,2026,FY2026,4,FQ4,11,P11,Winter,Christmas Trading,N,Y,N,,N,N,N,N,N,N,N,N,12,3
20251211,11-12-2025,2025,4,Q4,12,December,Dec,2025-12,Dec 2025,50,2025-W50,11,4,Thursday,Thu,345,2026,FY2026,4,FQ4,11,P11,Winter,Christmas Trading,N,Y,N,,N,N,N,N,N,N,N,N,12,4
20251212,12-12-2025,2025,4,Q4,12,December,Dec,2025-12,Dec 2025,50,2025-W50,12,5,Friday,Fri,346,2026,FY2026,4,FQ4,11,P11,Winter,Christmas Trading,N,Y,N,,N,N,N,N,N,N,N,N,12,5
20251213,13-12-2025,2025,4,Q4,12,December,Dec,2025-12,Dec 2025,50,2025-W50,13,6,Saturday,Sat,347,2026,FY2026,4,FQ4,11,P11,Winter,Christmas Trading,Y,N,N,,N,N,N,N,N,N,N,N,12,6
20251214,14-12-2025,2025,4,Q4,12,December,Dec,2025-12,Dec 2025,50,2025-W50,14,7,Sunday,Sun,348,2026,FY2026,4,FQ4,11,P11,Winter,Christmas Trading,Y,N,N,,N,N,N,N,N,N,N,N,12,7
20251215,15-12-2025,2025,4,Q4,12,December,Dec,2025-12,Dec 2025,51,2025-W51,15,1,Monday,Mon,349,2026,FY2026,4,FQ4,11,P11,Winter,Christmas Trading,N,Y,N,,N,N,N,N,N,N,N,N,12,1
20251216,16-12-2025,2025,4,Q4,12,December,Dec,2025-12,Dec 2025,51,2025-W51,16,2,Tuesday,Tue,350,2026,FY2026,4,FQ4,11,P11,Winter,Christmas Trading,N,Y,N,,N,N,N,N,N,N,N,N,12,2
20251217,17-12-2025,2025,4,Q4,12,December,Dec,2025-12,Dec 2025,51,2025-W51,17,3,Wednesday,Wed,351,2026,FY2026,4,FQ4,11,P11,Winter,Christmas Trading,N,Y,N,,N,N,N,N,N,N,N,N,12,3
20251218,18-12-2025,2025,4,Q4,12,December,Dec,2025-12,Dec 2025,51,2025-W51,18,4,Thursday,Thu,352,2026,FY2026,4,FQ4,11,P11,Winter,Christmas Trading,N,Y,N,,N,N,N,N,N,N,N,N,12,4
20251219,19-12-2025,2025,4,Q4,12,December,Dec,2025-12,Dec 2025,51,2025-W51,19,5,Friday,Fri,353,2026,FY2026,4,FQ4,11,P11,Winter,Christmas Trading,N,Y,N,,N,N,N,N,N,N,N,N,12,5
20251220,20-12-2025,2025,4,Q4,12,December,Dec,2025-12,Dec 2025,51,2025-W51,20,6,Saturday,Sat,354,2026,FY2026,4,FQ4,11,P11,Winter,Christmas Trading,Y,N,N,,N,N,N,N,N,N,N,N,12,6
20251221,21-12-2025,2025,4,Q4,12,December,Dec,2025-12,Dec 2025,51,2025-W51,21,7,Sunday,Sun,355,2026,FY2026,4,FQ4,11,P11,Winter,Christmas Trading,Y,N,N,,N,N,N,N,N,N,N,N,12,7
20251222,22-12-2025,2025,4,Q4,12,December,Dec,2025-12,Dec 2025,52,2025-W52,22,1,Monday,Mon,356,2026,FY2026,4,FQ4,11,P11,Winter,Christmas Trading,N,Y,N,,N,N,N,N,N,N,N,N,12,1
20251223,23-12-2025,2025,4,Q4,12,December,Dec,2025-12,Dec 2025,52,2025-W52,23,2,Tuesday,Tue,357,2026,FY2026,4,FQ4,11,P11,Winter,Christmas Trading,N,Y,N,,N,N,N,N,N,N,N,N,12,2
20251224,24-12-2025,2025,4,Q4,12,December,Dec,2025-12,Dec 2025,52,2025-W52,24,3,Wednesday,Wed,358,2026,FY2026,4,FQ4,11,P11,Winter,Christmas Trading,N,Y,N,,N,N,N,N,N,N,N,N,12,3
20251225,25-12-2025,2025,4,Q4,12,December,Dec,2025-12,Dec 2025,52,2025-W52,25,4,Thursday,Thu,359,2026,FY2026,4,FQ4,11,P11,Winter,Regular Trading,N,Y,Y,Christmas Day,N,N,N,N,N,N,N,N,12,4
20251226,26-12-2025,2025,4,Q4,12,December,Dec,2025-12,Dec 2025,52,2025-W52,26,5,Friday,Fri,360,2026,FY2026,4,FQ4,11,P11,Winter,Boxing Day Sales,N,Y,Y,Boxing Day,N,N,N,N,N,N,N,N,12,5
20251227,27-12-2025,2025,4,Q4,12,December,Dec,2025-12,Dec 2025,52,2025-W52,27,6,Saturday,Sat,361,2026,FY2026,4,FQ4,11,P11,Winter,Boxing Day Sales,Y,N,N,,N,N,N,N,N,N,N,N,12,6
20251228,28-12-2025,2025,4,Q4,12,December,Dec,2025-12,Dec 2025,52,2025-W52,28,7,Sunday,Sun,362,2026,FY2026,4,FQ4,11,P11,Winter,Boxing Day Sales,Y,N,N,,N,N,N,N,N,N,N,N,12,7
20251229,29-12-2025,2025,4,Q4,12,December,Dec,2025-12,Dec 2025,1,2025-W01,29,1,Monday,Mon,363,2026,FY2026,4,FQ4,11,P11,Winter,Boxing Day Sales,N,Y,N,,N,N,N,N,N,N,N,N,12,1
20251230,30-12-2025,2025,4,Q4,12,December,Dec,2025-12,Dec 2025,1,2025-W01,30,2,Tuesday,Tue,364,2026,FY2026,4,FQ4,11,P11,Winter,Boxing Day Sales,N,Y,N,,N,N,N,N,N,N,N,N,12,2
20251231,31-12-2025,2025,4,Q4,12,December,Dec,2025-12,Dec 2025,1,2025-W01,31,3,Wednesday,Wed,365,2026,FY2026,4,FQ4,11,P11,Winter,Boxing Day Sales,N,Y,N,,N,Y,N,Y,N,Y,N,N,12,3
20260101,01-01-2026,2026,1,Q1,1,January,Jan,2026-01,Jan 2026,1,2026-W01,1,4,Thursday,Thu,1,2026,FY2026,4,FQ4,12,P12,Winter,Boxing Day Sales,N,Y,Y,New Year's Day,Y,N,Y,N,Y,N,N,N,1,4
20260102,02-01-2026,2026,1,Q1,1,January,Jan,2026-01,Jan 2026,1,2026-W01,2,5,Friday,Fri,2,2026,FY2026,4,FQ4,12,P12,Winter,Boxing Day Sales,N,Y,N,,N,N,N,N,N,N,N,N,1,5
20260103,03-01-2026,2026,1,Q1,1,January,Jan,2026-01,Jan 2026,1,2026-W01,3,6,Saturday,Sat,3,2026,FY2026,4,FQ4,12,P12,Winter,January Sale,Y,N,N,,N,N,N,N,N,N,N,N,1,6
20260104,04-01-2026,2026,1,Q1,1,January,Jan,2026-01,Jan 2026,1,2026-W01,4,7,Sunday,Sun,4,2026,FY2026,4,FQ4,12,P12,Winter,January Sale,Y,N,N,,N,N,N,N,N,N,N,N,1,7
20260105,05-01-2026,2026,1,Q1,1,January,Jan,2026-01,Jan 2026,2,2026-W02,5,1,Monday,Mon,5,2026,FY2026,4,FQ4,12,P12,Winter,January Sale,N,Y,N,,N,N,N,N,N,N,N,N,1,1
20260106,06-01-2026,2026,1,Q1,1,January,Jan,2026-01,Jan 2026,2,2026-W02,6,2,Tuesday,Tue,6,2026,FY2026,4,FQ4,12,P12,Winter,January Sale,N,Y,N,,N,N,N,N,N,N,N,N,1,2
20260107,07-01-2026,2026,1,Q1,1,January,Jan,2026-01,Jan 2026,2,2026-W02,7,3,Wednesday,Wed,7,2026,FY2026,4,FQ4,12,P12,Winter,January Sale,N,Y,N,,N,N,N,N,N,N,N,N,1,3
20260108,08-01-2026,2026,1,Q1,1,January,Jan,2026-01,Jan 2026,2,2026-W02,8,4,Thursday,Thu,8,2026,FY2026,4,FQ4,12,P12,Winter,January Sale,N,Y,N,,N,N,N,N,N,N,N,N,1,4
20260109,09-01-2026,2026,1,Q1,1,January,Jan,2026-01,Jan 2026,2,2026-W02,9,5,Friday,Fri,9,2026,FY2026,4,FQ4,12,P12,Winter,January Sale,N,Y,N,,N,N,N,N,N,N,N,N,1,5
20260110,10-01-2026,2026,1,Q1,1,January,Jan,2026-01,Jan 2026,2,2026-W02,10,6,Saturday,Sat,10,2026,FY2026,4,FQ4,12,P12,Winter,January Sale,Y,N,N,,N,N,N,N,N,N,N,N,1,6
20260111,11-01-2026,2026,1,Q1,1,January,Jan,2026-01,Jan 2026,2,2026-W02,11,7,Sunday,Sun,11,2026,FY2026,4,FQ4,12,P12,Winter,January Sale,Y,N,N,,N,N,N,N,N,N,N,N,1,7
20260112,12-01-2026,2026,1,Q1,1,January,Jan,2026-01,Jan 2026,3,2026-W03,12,1,Monday,Mon,12,2026,FY2026,4,FQ4,12,P12,Winter,January Sale,N,Y,N,,N,N,N,N,N,N,N,N,1,1
